__time,/cable_length/data,/hoist_motor_voltage/data,/sway_angle/data,/trolley_motor_voltage/data,/trolley_position/data
1717494492.717763,,,,0.000000000,
1717494492.720805,0.424333423,,,,
1717494492.720828,,,-0.035877947,,
1717494492.725669,,0.000000000,,,
1717494492.732665,,,,,0.000000000
1717494492.749733,,,,0.000000000,
1717494492.754498,0.424330324,,,,
1717494492.754515,,,-0.037713360,,
1717494492.756657,,0.000000000,,,
1717494492.763643,,,,,0.000000000
1717494492.779788,,,,0.000000000,
1717494492.785752,,0.000000000,,,
1717494492.785911,0.424325973,,,,
1717494492.785923,,,-0.013825118,,
1717494492.792707,,,,,0.000000000
1717494492.809800,,,,0.000000000,
1717494492.816721,,0.000000000,,,
1717494492.820111,0.424318492,,,,
1717494492.820136,,,0.010148256,,
1717494492.823649,,,,,0.000000000
1717494492.841797,,,,0.000000000,
1717494492.847735,,0.000000000,,,
1717494492.853721,,,,,0.000000000
1717494492.854529,0.424286515,,,,
1717494492.854541,,,0.034260720,,
1717494492.870772,,,,0.000000000,
1717494492.878728,,0.000000000,,,
1717494492.885747,,,,,0.000000000
1717494492.886595,0.424304277,,,,
1717494492.886623,,,0.045865200,,
1717494492.903823,,,,0.000000000,
1717494492.909688,,0.000000000,,,
1717494492.916742,,,,,0.000000000
1717494492.920033,0.424276680,,,,
1717494492.920058,,,0.044789877,,
1717494492.934781,,,,0.000000000,
1717494492.941758,,0.000000000,,,
1717494492.947667,,,,,0.000000000
1717494492.953667,0.424246013,,,,
1717494492.953692,,,0.044097058,,
1717494492.964719,,,,0.000000000,
1717494492.971810,,0.000000000,,,
1717494492.978739,,,,,0.000000000
1717494492.986660,0.424239814,,,,
1717494492.986689,,,0.043840695,,
1717494492.995772,,,,0.000000000,
1717494493.002758,,0.000000000,,,
1717494493.010706,,,,,0.000000000
1717494493.020152,0.424282134,,,,
1717494493.020197,,,0.056866486,,
1717494493.027705,,,,0.000000000,
1717494493.034734,,0.000000000,,,
1717494493.040771,,,,,0.000000000
1717494493.054358,0.424251944,,,,
1717494493.054403,,,0.044388231,,
1717494493.057787,,,,0.000000000,
1717494493.064688,,0.000000000,,,
1717494493.074816,,,,,0.000000000
1717494493.087410,0.424248278,,,,
1717494493.087443,,,0.057910666,,
1717494493.091726,,,,0.000000000,
1717494493.098710,,0.000000000,,,
1717494493.107815,,,,,0.000000000
1717494493.120009,0.424270213,,,,
1717494493.120046,,,0.046167646,,
1717494493.125798,,,,0.000000000,
1717494493.151977,0.424294740,,,,
1717494493.152014,,,0.047443297,,
1717494493.164773,,0.000000000,,,
1717494493.187856,0.424273878,,,,
1717494493.187893,,,0.035814553,,
1717494493.191763,,,,,0.000000000
1717494493.205796,,,,0.000000000,
1717494493.216800,,0.000000000,,,
1717494493.218667,0.424249351,,,,
1717494493.218683,,,0.036946759,,
1717494493.230766,,,,,0.000000000
1717494493.240793,,,,0.000000000,
1717494493.251788,,0.000000000,,,
1717494493.252148,0.424246758,,,,
1717494493.252191,,,0.025557505,,
1717494493.267871,,,,,0.000000000
1717494493.277837,,,,0.000000000,
1717494493.284882,0.424247503,,,,
1717494493.284914,,,0.014092583,,
1717494493.287709,,0.000000000,,,
1717494493.301875,,,,,0.000000000
1717494493.310821,,,,0.000000000,
1717494493.317963,0.424202859,,,,
1717494493.318000,,,-0.010357327,,
1717494493.322719,,0.000000000,,,
1717494493.333802,,,,,0.000000000
1717494493.344835,,,,0.000000000,
1717494493.353020,0.424154311,,,,
1717494493.353059,,,-0.022126682,,
1717494493.354740,,612.000000000,,,
1717494493.369836,,,,,0.000000000
1717494493.380863,,,,0.795000017,
1717494493.387408,0.424155056,,,,
1717494493.387451,,,-0.033818018,,
1717494493.390752,,682.000000000,,,
1717494493.403861,,,,,0.000000000
1717494493.414827,,,,1.700000048,
1717494493.420058,0.424159437,,,,
1717494493.420079,,,-0.058347557,,
1717494493.424793,,682.000000000,,,
1717494493.434833,,,,,0.000944444
1717494493.444861,,,,2.779000044,
1717494493.453409,0.424207985,,,,
1717494493.453454,,,-0.044628382,,
1717494493.454776,,782.000000000,,,
1717494493.469851,,,,,0.003333333
1717494493.480841,,,,3.858000040,
1717494493.486253,0.424186170,,,,
1717494493.486280,,,-0.018686630,,
1717494493.490836,,638.000000000,,,
1717494493.500875,,,,,0.005722222
1717494493.509832,,,,4.690999985,
1717494493.519575,0.424214542,,,,
1717494493.519601,,,0.070964120,,
1717494493.521765,,723.000000000,,,
1717494493.536852,,,,,0.008500000
1717494493.546859,,,,5.659999847,
1717494493.547789,0.424248725,,,,
1717494493.547836,,,0.172845200,,
1717494493.560843,,662.000000000,,,
1717494493.571847,,,,,0.011111111
1717494493.581879,,,,6.533999920,
1717494493.584507,0.424283743,,,,
1717494493.584551,,,0.299346149,,
1717494493.595928,,636.000000000,,,
1717494493.606817,,,,,0.013333334
1717494493.616867,0.424319625,,,,
1717494493.616901,,,0.450542718,,
1717494493.617781,,,,7.356999874,
1717494493.633887,,706.000000000,,,
1717494493.643897,,,,,0.015388889
1717494493.653414,0.424356252,,,,
1717494493.653448,,,0.626241624,,
1717494493.653788,,,,8.305000305,
1717494493.667848,,750.000000000,,,
1717494493.677917,,,,,0.017333332
1717494493.687042,0.424418122,,,,
1717494493.687095,,,0.788051724,,
1717494493.687794,,,,9.317000389,
1717494493.703887,,685.000000000,,,
1717494493.713879,,,,,0.019777779
1717494493.719136,0.424456984,,,,
1717494493.719163,,,0.974260628,,
1717494493.723812,,,,9.425999641,
1717494493.733879,,661.000000000,,,
1717494493.743891,,,,,0.021611111
1717494493.750439,0.424468189,,,,
1717494493.750481,,,1.159201503,,
1717494493.754789,,,,9.399000168,
1717494493.767867,,671.000000000,,,
1717494493.778902,,,,,0.023555556
1717494493.784845,0.424435616,,,,
1717494493.784875,,,1.304825544,,
1717494493.787857,,,,9.208000183,
1717494493.801905,,656.000000000,,,
1717494493.814903,,,,,0.025166666
1717494493.818576,0.424466938,,,,
1717494493.818603,,,1.398722291,,
1717494493.824858,,,,8.993000031,
1717494493.834924,,741.000000000,,,
1717494493.845879,,,,,0.026500000
1717494493.851817,0.424521118,,,,
1717494493.851852,,,1.441246390,,
1717494493.855798,,,,9.168999672,
1717494493.868934,,741.000000000,,,
1717494493.878906,,,,,0.028611111
1717494493.885970,0.424496591,,,,
1717494493.886006,,,1.432392716,,
1717494493.889820,,,,9.187000275,
1717494493.902911,,733.000000000,,,
1717494493.913904,,,,,0.031222222
1717494493.918815,0.424493045,,,,
1717494493.918850,,,1.385520101,,
1717494493.923816,,,,9.302000046,
1717494493.932819,,785.000000000,,,
1717494493.942912,,,,,0.034388889
1717494493.952092,0.424414396,,,,
1717494493.952151,,,1.325958729,,
1717494493.952838,,,,9.538999557,
1717494493.968867,,648.000000000,,,
1717494493.979869,,,,,0.038666666
1717494493.987630,0.424429923,,,,
1717494493.987668,,,1.241596818,,
1717494493.990829,,,,9.432000160,
1717494494.004960,,626.000000000,,,
1717494494.015897,,,,,0.042555556
1717494494.017862,0.424346656,,,,
1717494494.017893,,,1.144718409,,
1717494494.030837,,,,9.260000229,
1717494494.040937,,794.000000000,,,
1717494494.051033,,,,,0.046722222
1717494494.051240,0.424309671,,,,
1717494494.051258,,,1.023033142,,
1717494494.067023,,,,9.430000305,
1717494494.077014,,626.000000000,,,
1717494494.084869,0.424293786,,,,
1717494494.084909,,,0.889321327,,
1717494494.086884,,,,,0.051888891
1717494494.101967,,,,9.352999687,
1717494494.112922,,617.000000000,,,
1717494494.118108,0.424228251,,,,
1717494494.118141,,,0.781580210,,
1717494494.128958,,,,,0.057611112
1717494494.138044,,,,9.248000145,
1717494494.147958,,693.000000000,,,
1717494494.152502,0.424145162,,,,
1717494494.152537,,,0.699962556,,
1717494494.157906,,,,,0.061333332
1717494494.166945,,,,9.303999901,
1717494494.176970,,617.000000000,,,
1717494494.185229,0.424037248,,,,
1717494494.185266,,,0.605978251,,
1717494494.186897,,,,,0.064888887
1717494494.202972,,,,9.081000328,
1717494494.213976,,603.000000000,,,
1717494494.221181,0.423999488,,,,
1717494494.221245,,,0.479277164,,
1717494494.223850,,,,,0.068777777
1717494494.238960,,,,8.852999687,
1717494494.247995,,797.000000000,,,
1717494494.252384,0.423912048,,,,
1717494494.252413,,,0.399054885,,
1717494494.258877,,,,,0.071944445
1717494494.269035,,,,8.939999580,
1717494494.280452,0.423881263,,,,
1717494494.280491,,797.000000000,,,
1717494494.280504,,,0.294070184,,
1717494494.293956,,,,,0.076222219
1717494494.303977,,,,8.675999641,
1717494494.313140,0.423727870,,,,
1717494494.313173,,,0.189316034,,
1717494494.313862,,624.000000000,,,
1717494494.333934,,,,,0.080722220
1717494494.344920,,,,8.690999985,
1717494494.347412,0.423674196,,,,
1717494494.347433,,,0.085507452,,
1717494494.358906,,649.000000000,,,
1717494494.368954,,,,,0.084333330
1717494494.378998,,,,8.694999695,
1717494494.384972,0.423649907,,,,
1717494494.385015,,,-0.017601725,,
1717494494.388901,,649.000000000,,,
1717494494.402010,,,,,0.087222219
1717494494.412971,,,,8.409999847,
1717494494.418220,0.423629075,,,,
1717494494.418266,,,-0.107246704,,
1717494494.423926,,614.000000000,,,
1717494494.434946,,,,,0.089777775
1717494494.445047,,,,8.387999535,
1717494494.451365,0.423635423,,,,
1717494494.451395,,,-0.234537318,,
1717494494.455022,,609.000000000,,,
1717494494.468022,,,,,0.092166670
1717494494.478015,,,,8.383000374,
1717494494.478878,0.423601955,,,,
1717494494.478927,,,-0.399411500,,
1717494494.491941,,759.000000000,,,
1717494494.502024,,,,,0.095222220
1717494494.512003,,,,8.482999802,
1717494494.512457,0.423598021,,,,
1717494494.512490,,,-0.601694763,,
1717494494.526993,,746.000000000,,,
1717494494.537023,,,,,0.099166669
1717494494.546245,0.423600465,,,,
1717494494.546303,,,-0.744024336,,
1717494494.546970,,,,8.704000473,
1717494494.563942,,701.000000000,,,
1717494494.573985,,,,,0.103722222
1717494494.579549,0.423608899,,,,
1717494494.579590,,,-0.893437266,,
1717494494.583929,,,,8.871999741,
1717494494.596959,,620.000000000,,,
1717494494.606975,,,,,0.107555553
1717494494.612897,0.423626304,,,,
1717494494.612955,,,-0.978416979,,
1717494494.616920,,,,8.592000008,
1717494494.629984,,768.000000000,,,
1717494494.640023,,,,,0.111500002
1717494494.648207,0.423638374,,,,
1717494494.648245,,,-1.050310969,,
1717494494.648934,,,,8.829000473,
1717494494.663957,,749.000000000,,,
1717494494.673975,,,,,0.116444446
1717494494.683992,,,,9.008999825,
1717494494.684825,0.423650652,,,,
1717494494.684841,,,-1.096328139,,
1717494494.697026,,618.000000000,,,
1717494494.707031,,,,,0.121833332
1717494494.717033,,,,9.199999809,
1717494494.718137,0.423581630,,,,
1717494494.718162,,,-1.104133606,,
1717494494.729986,,743.000000000,,,
1717494494.739997,,,,,0.127000004
1717494494.749409,0.423579514,,,,
1717494494.749440,,,-1.073528528,,
1717494494.749953,,,,9.409000397,
1717494494.765990,,691.000000000,,,
1717494494.777048,,,,,0.133277774
1717494494.783446,0.423527271,,,,
1717494494.783503,,,-0.992214382,,
1717494494.786942,,,,9.536000252,
1717494494.801074,,683.000000000,,,
1717494494.811028,,,,,0.139444441
1717494494.818324,0.423543781,,,,
1717494494.818361,,,-0.796382844,,
1717494494.820959,,,,9.652999878,
1717494494.835078,,614.000000000,,,
1717494494.845019,,,,,0.145111114
1717494494.852194,0.423555970,,,,
1717494494.852232,,,-0.512307823,,
1717494494.854962,,,,9.407999992,
1717494494.870073,,614.000000000,,,
1717494494.881081,,,,,0.150388882
1717494494.884177,0.423517555,,,,
1717494494.884197,,,-0.217277512,,
1717494494.897060,,,,9.425000191,
1717494494.907028,,762.000000000,,,
1717494494.917002,,,,,0.156111106
1717494494.917815,0.423479736,,,,
1717494494.917837,,,0.089031808,,
1717494494.933052,,,,9.543999672,
1717494494.942968,,774.000000000,,,
1717494494.951927,0.423533946,,,,
1717494494.951965,,,0.394155622,,
1717494494.953976,,,,,0.162055552
1717494494.970026,,,,9.505000114,
1717494494.981059,,613.000000000,,,
1717494494.984945,0.423623949,,,,
1717494494.985004,,,0.710533082,,
1717494494.991973,,,,,0.167666674
1717494495.002122,,,,9.241000175,
1717494495.012062,,613.000000000,,,
1717494495.013456,0.423691452,,,,
1717494495.013474,,,1.012447000,,
1717494495.026015,,,,,0.171944439
1717494495.036110,,,,8.977999687,
1717494495.046176,,734.000000000,,,
1717494495.049621,0.423783749,,,,
1717494495.049666,,,1.274571180,,
1717494495.056010,,,,,0.175722227
1717494495.066061,,,,8.921999931,
1717494495.076113,,679.000000000,,,
1717494495.083226,0.423803151,,,,
1717494495.083272,,,1.483872056,,
1717494495.086023,,,,,0.179611117
1717494495.101124,,,,8.821000099,
1717494495.111021,,625.000000000,,,
1717494495.118509,0.423861444,,,,
1717494495.118549,,,1.641021967,,
1717494495.123037,,,,,0.184000000
1717494495.135051,,,,8.715999603,
1717494495.145140,,678.000000000,,,
1717494495.152834,0.423865199,,,,
1717494495.152873,,,1.695244670,,
1717494495.155065,,,,,0.187555552
1717494495.170113,,,,8.715999603,
1717494495.181041,,782.000000000,,,
1717494495.184954,0.423914224,,,,
1717494495.184982,,,1.685658336,,
1717494495.191022,,,,,0.191777781
1717494495.201114,,,,8.836000443,
1717494495.211096,,641.000000000,,,
1717494495.220613,0.423958182,,,,
1717494495.220655,,,1.625164986,,
1717494495.221053,,,,,0.196166664
1717494495.236146,,,,8.637000084,
1717494495.246109,,703.000000000,,,
1717494495.251967,0.424018443,,,,
1717494495.252024,,,1.513968468,,
1717494495.255969,,,,,0.201277778
1717494495.269099,,,,8.519000053,
1717494495.279096,,764.000000000,,,
1717494495.282067,0.423942089,,,,
1717494495.282105,,,1.305912018,,
1717494495.293043,,,,,0.207111105
1717494495.304095,,,,8.694000244,
1717494495.314124,,699.000000000,,,
1717494495.315418,0.423937380,,,,
1717494495.315440,,,1.068606973,,
1717494495.328059,,,,,0.213444442
1717494495.338117,,,,8.852000237,
1717494495.348119,,699.000000000,,,
1717494495.348778,0.423932672,,,,
1717494495.348793,,,0.832513094,,
1717494495.362066,,,,,0.219944447
1717494495.372082,,,,9.088000298,
1717494495.381859,0.423907250,,,,
1717494495.381899,,,0.597550869,,
1717494495.383025,,754.000000000,,,
1717494495.399108,,,,,0.227055550
1717494495.409109,,,,9.062000275,
1717494495.419075,,719.000000000,,,
1717494495.419404,0.423912376,,,,
1717494495.419445,,,0.376928747,,
1717494495.433084,,,,,0.234333336
1717494495.443051,,,,9.213000298,
1717494495.452387,0.423852205,,,,
1717494495.452413,,,0.182830542,,
1717494495.453077,,780.000000000,,,
1717494495.469107,,,,,0.242166668
1717494495.479063,,,,9.460000038,
1717494495.483826,0.423866689,,,,
1717494495.483852,,,0.015370307,,
1717494495.489016,,758.000000000,,,
1717494495.499097,,,,,0.249611109
1717494495.509110,,,,9.576999664,
1717494495.519115,,647.000000000,,,
1717494495.519157,0.423806578,,,,
1717494495.519199,,,-0.100636549,,
1717494495.533071,,,,,0.258222222
1717494495.543088,,,,9.505999565,
1717494495.552900,0.423801750,,,,
1717494495.552924,,,-0.152144283,,
1717494495.553071,,633.000000000,,,
1717494495.567182,,,,,0.266388893
1717494495.577103,,,,9.480999947,
1717494495.585227,0.423752695,,,,
1717494495.585265,,,-0.152533934,,
1717494495.588061,,672.000000000,,,
1717494495.602197,,,,,0.273666680
1717494495.612135,,,,9.413999557,
1717494495.620286,0.423732162,,,,
1717494495.620314,,,-0.081523426,,
1717494495.622063,,632.000000000,,,
1717494495.637098,,,,,0.281055570
1717494495.648139,,,,9.291999817,
1717494495.650861,0.423708379,,,,
1717494495.650908,,,0.006807675,,
1717494495.661100,,759.000000000,,,
1717494495.671126,,,,,0.288055569
1717494495.681126,,,,9.376999855,
1717494495.682463,0.423659325,,,,
1717494495.682483,,,0.081822135,,
1717494495.694086,,620.000000000,,,
1717494495.704182,,,,,0.295055568
1717494495.714120,,,,9.149999619,
1717494495.717438,0.423660874,,,,
1717494495.717457,,,0.143988729,,
1717494495.727065,,681.000000000,,,
1717494495.737110,,,,,0.301444441
1717494495.747134,,,,8.979000092,
1717494495.749202,0.423610240,,,,
1717494495.749227,,,0.205481261,,
1717494495.761117,,718.000000000,,,
1717494495.771098,,,,,0.307666659
1717494495.781070,,,,8.880000114,
1717494495.783613,0.423660845,,,,
1717494495.783642,,,0.220793009,,
1717494495.795059,,718.000000000,,,
1717494495.805168,,,,,0.314055562
1717494495.815105,,,,8.885999680,
1717494495.818927,0.423616856,,,,
1717494495.818954,,,0.243819222,,
1717494495.825084,,784.000000000,,,
1717494495.835132,,,,,0.320111126
1717494495.845131,,,,8.928000450,
1717494495.852812,0.423623651,,,,
1717494495.852848,,,0.228704080,,
1717494495.855107,,718.000000000,,,
1717494495.869188,,,,,0.327666670
1717494495.878071,,,,9.048999786,
1717494495.885695,0.423576295,,,,
1717494495.885732,,,0.175301343,,
1717494495.888093,,781.000000000,,,
1717494495.902223,,,,,0.335999995
1717494495.911091,,,,9.295000076,
1717494495.915805,0.423601329,,,,
1717494495.915833,,,0.109756231,,
1717494495.926096,,763.000000000,,,
1717494495.936146,,,,,0.345111102
1717494495.946179,,,,9.449999809,
1717494495.949653,0.423579156,,,,
1717494495.949682,,,0.036889318,,
1717494495.960132,,726.000000000,,,
1717494495.970164,,,,,0.354833335
1717494495.980141,,,,9.588000298,
1717494495.981068,0.423583806,,,,
1717494495.981095,,,-0.002256969,,
1717494495.995125,,700.000000000,,,
1717494496.005189,,,,,0.365055561
1717494496.014956,0.423541814,,,,
1717494496.014993,,,0.009646279,,
1717494496.015114,,,,9.487000465,
1717494496.029108,,776.000000000,,,
1717494496.039143,,,,,0.374833345
1717494496.047005,0.423550069,,,,
1717494496.047048,,,0.085285723,,
1717494496.049154,,,,9.732999802,
1717494496.064192,,630.000000000,,,
1717494496.074174,,,,,0.385277778
1717494496.081472,0.423535347,,,,
1717494496.081511,,,0.173193350,,
1717494496.085133,,,,9.746999741,
1717494496.098159,,690.000000000,,,
1717494496.108193,,,,,0.394666672
1717494496.118159,,,,9.694999695,
1717494496.119599,0.423496813,,,,
1717494496.119632,,,0.332152009,,
1717494496.131153,,668.000000000,,,
1717494496.141129,,,,,0.403499991
1717494496.151318,,,,9.501000404,
1717494496.151396,0.423530549,,,,
1717494496.151414,,,0.494987696,,
1717494496.165289,,668.000000000,,,
1717494496.175187,,,,,0.412277788
1717494496.180760,0.423509359,,,,
1717494496.180791,,,0.656535089,,
1717494496.185152,,,,9.307000160,
1717494496.198252,,798.000000000,,,
1717494496.208214,,,,,0.421666652
1717494496.218164,,,,9.421999931,
1717494496.219179,0.423516214,,,,
1717494496.219212,,,0.817364693,,
1717494496.232186,,699.000000000,,,
1717494496.242188,,,,,0.431277782
1717494496.247224,0.423504502,,,,
1717494496.247255,,,0.977186799,,
1717494496.251170,,,,9.288999557,
1717494496.264196,,759.000000000,,,
1717494496.274190,,,,,0.440388888
1717494496.281245,0.423539490,,,,
1717494496.281272,,,1.131020784,,
1717494496.284134,,,,8.270999908,
1717494496.298244,,684.000000000,,,
1717494496.308207,,,,,0.450111121
1717494496.315611,0.423541725,,,,
1717494496.315651,,,1.225016713,,
1717494496.318149,,,,8.210000038,
1717494496.335178,,678.000000000,,,
1717494496.345228,,,,,0.460444450
1717494496.347871,0.423569977,,,,
1717494496.347897,,,1.280404806,,
1717494496.360196,,,,8.170000076,
1717494496.370233,,629.000000000,,,
1717494496.380172,,,,,0.469555557
1717494496.380810,0.423545450,,,,
1717494496.380828,,,1.271592259,,
1717494496.395237,,,,7.928999901,
1717494496.405258,,793.000000000,,,
1717494496.415226,,,,,0.478555560
1717494496.417097,0.423545629,,,,
1717494496.417134,,,1.237420678,,
1717494496.430150,,,,8.192999840,
1717494496.440188,,799.000000000,,,
1717494496.450236,,,,,0.488666654
1717494496.451111,0.423561275,,,,
1717494496.451158,,,1.152449846,,
1717494496.465233,,,,8.364000320,
1717494496.475230,,634.000000000,,,
1717494496.485185,,,,,0.499888897
1717494496.485362,0.423622102,,,,
1717494496.485384,,,1.017087698,,
1717494496.501224,,,,8.298999786,
1717494496.511230,,608.000000000,,,
1717494496.517851,0.423688710,,,,
1717494496.517898,,,0.908065081,,
1717494496.523167,,,,,0.511166692
1717494496.532155,,,,8.190999985,
1717494496.542284,,629.000000000,,,
1717494496.551638,0.423753828,,,,
1717494496.551669,,,0.753206432,,
1717494496.552192,,,,,0.519333363
1717494496.569232,,,,7.923999786,
1717494496.579210,,746.000000000,,,
1717494496.585309,0.423765033,,,,
1717494496.585340,,,0.594361126,,
1717494496.590165,,,,,0.528722227
1717494496.600265,,,,7.806000233,
1717494496.610225,,746.000000000,,,
1717494496.620248,,,,,0.536777794
1717494496.622159,0.423802018,,,,
1717494496.622197,,,0.410972118,,
1717494496.636208,,,,8.600999832,
1717494496.646239,,622.000000000,,,
1717494496.652024,0.423801750,,,,
1717494496.652073,,,0.203260884,,
1717494496.656279,,,,,0.546277761
1717494496.670270,,,,8.510999680,
1717494496.680210,,736.000000000,,,
1717494496.685249,0.423845857,,,,
1717494496.685277,,,-0.015989918,,
1717494496.690179,,,,,0.555444419
1717494496.700225,,,,8.609000206,
1717494496.710272,,625.000000000,,,
1717494496.720282,,,,,0.563666642
1717494496.720754,0.423869461,,,,
1717494496.720804,,,-0.234150320,,
1717494496.735253,,,,8.609999657,
1717494496.745190,,636.000000000,,,
1717494496.751177,0.423899144,,,,
1717494496.751207,,,-0.463743150,,
1717494496.755217,,,,,0.573222220
1717494496.768306,,,,8.354000092,
1717494496.779229,,654.000000000,,,
1717494496.781151,0.423939556,,,,
1717494496.781165,,,-0.691903830,,
1717494496.793213,,,,,0.583555579
1717494496.803383,,,,8.119000435,
1717494496.813274,,735.000000000,,,
1717494496.816849,0.423911095,,,,
1717494496.816878,,,-0.893440664,,
1717494496.827204,,,,,0.592611134
1717494496.837276,,,,8.295000076,
1717494496.847363,,674.000000000,,,
1717494496.849452,0.423910111,,,,
1717494496.849479,,,-1.119157314,,
1717494496.861249,,,,,0.601888895
1717494496.871319,,,,8.418000221,
1717494496.881267,,740.000000000,,,
1717494496.882671,0.423884779,,,,
1717494496.882700,,,-1.271810055,,
1717494496.895232,,,,,0.611111104
1717494496.905283,,,,8.602999687,
1717494496.915274,,750.000000000,,,
1717494496.917423,0.423932701,,,,
1717494496.917445,,,-1.431427479,,
1717494496.929214,,,,,0.621388912
1717494496.938271,,,,8.800999641,
1717494496.947288,0.423919290,,,,
1717494496.947317,,750.000000000,,,
1717494496.947328,,,-1.513816118,,
1717494496.961269,,,,,0.631666660
1717494496.971293,,,,8.838999748,
1717494496.981246,,656.000000000,,,
1717494496.985327,0.423845977,,,,
1717494496.985362,,,-1.532221556,,
1717494496.991209,,,,,0.641166687
1717494497.000347,,,,8.876999855,
1717494497.011289,,606.000000000,,,
1717494497.018547,0.423798501,,,,
1717494497.018597,,,-1.512125731,,
1717494497.021256,,,,,0.650500000
1717494497.035297,,,,8.661999702,
1717494497.045305,,789.000000000,,,
1717494497.049279,0.423740566,,,,
1717494497.049321,,,-1.428452849,,
1717494497.055254,,,,,0.661111116
1717494497.064228,,,,8.925999641,
1717494497.074292,,758.000000000,,,
1717494497.080568,0.423700780,,,,
1717494497.080598,,,-1.314527035,,
1717494497.084229,,,,,0.670611084
1717494497.097258,,,,9.121000290,
1717494497.107302,,721.000000000,,,
1717494497.117322,,,,,0.681722224
1717494497.120657,0.423638970,,,,
1717494497.120691,,,-1.078897595,,
1717494497.132344,,,,9.229000092,
1717494497.142394,,615.000000000,,,
1717494497.148916,0.423579186,,,,
1717494497.149002,,,-0.780964136,,
1717494497.152258,,,,,0.693833351
1717494497.166342,,,,9.022999763,
1717494497.176275,,720.000000000,,,
1717494497.181157,0.423542798,,,,
1717494497.181204,,,-0.421335191,,
1717494497.186235,,,,,0.705277801
1717494497.195202,,,,9.085000038,
1717494497.205313,,720.000000000,,,
1717494497.215276,,,,,0.714666665
1717494497.217782,0.423503369,,,,
1717494497.217807,,,-0.025370039,,
1717494497.231279,,,,9.043000221,
1717494497.241289,,610.000000000,,,
1717494497.247240,0.423434466,,,,
1717494497.247267,,,0.431740940,,
1717494497.251252,,,,,0.725499988
1717494497.264285,,,,8.809000015,
1717494497.274286,,752.000000000,,,
1717494497.283737,0.423405617,,,,
1717494497.283771,,,0.848037124,,
1717494497.284282,,,,,0.735111117
1717494497.300378,,,,8.977000237,
1717494497.310268,,757.000000000,,,
1717494497.318312,0.423405468,,,,
1717494497.318345,,,1.236456990,,
1717494497.320260,,,,,0.745722234
1717494497.335325,,,,9.147999763,
1717494497.345355,,732.000000000,,,
1717494497.352396,0.423331916,,,,
1717494497.352430,,,1.596780419,,
1717494497.355269,,,,,0.756222248
1717494497.369347,,,,9.357999802,
1717494497.379292,,651.000000000,,,
1717494497.384758,0.423338681,,,,
1717494497.384793,,,1.916961789,,
1717494497.389258,,,,,0.766222239
1717494497.398328,,,,9.135000229,
1717494497.408360,,727.000000000,,,
1717494497.418316,,,,,0.774666667
1717494497.419523,0.423338294,,,,
1717494497.419537,,,2.204566240,,
1717494497.433329,,,,8.965999603,
1717494497.443299,,782.000000000,,,
1717494497.453323,,,,,0.785055578
1717494497.453376,0.423364073,,,,
1717494497.453384,,,2.355204582,,
1717494497.469366,,,,9.064000130,
1717494497.478307,,679.000000000,,,
1717494497.484406,0.423405647,,,,
1717494497.484430,,,2.428714514,,
1717494497.488289,,,,,0.795833349
1717494497.501387,,,,9.168000221,
1717494497.510285,,0.000000000,,,
1717494497.520098,0.423387468,,,,
1717494497.520149,,,2.412672281,,
1717494497.520302,,,,,0.805166662
1717494497.535350,,,,8.229999542,
1717494497.545287,,0.000000000,,,
1717494497.554251,0.423433006,,,,
1717494497.554327,,,2.307165384,,
1717494497.555273,,,,,0.813166678
1717494497.571340,,,,7.291999817,
1717494497.581286,,0.000000000,,,
1717494497.586123,0.423434854,,,,
1717494497.586146,,,2.087869883,,
1717494497.591274,,,,,0.818444431
1717494497.600344,,,,6.534999847,
1717494497.610313,,0.000000000,,,
1717494497.620301,,,,,0.820888877
1717494497.622413,0.423433334,,,,
1717494497.622448,,,1.716857076,,
1717494497.637360,,,,5.533999920,
1717494497.649316,,0.000000000,,,
1717494497.651765,0.423535317,,,,
1717494497.651854,,,1.208008885,,
1717494497.664367,,,,,0.821833313
1717494497.675390,,,,4.531000137,
1717494497.686044,0.423698962,,,,
1717494497.686076,,,0.536873043,,
1717494497.686277,,0.000000000,,,
1717494497.700392,,,,,0.821777761
1717494497.711346,,,,3.565999985,
1717494497.719448,0.423781842,,,,
1717494497.719477,,,-0.282945514,,
1717494497.726314,,0.000000000,,,
1717494497.737337,,,,,0.821777761
1717494497.749457,,,,2.736000061,
1717494497.751477,0.423947424,,,,
1717494497.751504,,,-1.249451637,,
1717494497.763352,,0.000000000,,,
1717494497.774383,,,,,0.821777761
1717494497.784380,,,,1.906000018,
1717494497.785604,0.424020171,,,,
1717494497.785627,,,-2.285458088,,
1717494497.797325,,0.000000000,,,
1717494497.807436,,,,,0.821777761
1717494497.818374,,,,0.867999971,
1717494497.819093,0.424143046,,,,
1717494497.819112,,,-3.377223492,,
1717494497.835420,,0.000000000,,,
1717494497.845357,,,,,0.821777761
1717494497.851945,0.424235314,,,,
1717494497.851977,,,-4.511683464,,
1717494497.855309,,,,0.000000000,
1717494497.870409,,0.000000000,,,
1717494497.880334,,,,,0.821777761
1717494497.886529,0.424302876,,,,
1717494497.886563,,,-5.625997066,,
1717494497.890301,,,,0.000000000,
1717494497.906399,,0.000000000,,,
1717494497.917440,,,,,0.821777761
1717494497.918595,0.424369752,,,,
1717494497.918617,,,-6.683258057,,
1717494497.932425,,,,0.000000000,
1717494497.943373,,0.000000000,,,
1717494497.951935,0.424459994,,,,
1717494497.951975,,,-7.594092369,,
1717494497.954332,,,,,0.821777761
1717494497.969505,,,,0.000000000,
1717494497.980418,,0.000000000,,,
1717494497.983442,0.424529105,,,,
1717494497.983472,,,-8.347002029,,
1717494497.994371,,,,,0.821777761
1717494498.005439,,,,0.000000000,
1717494498.017162,0.424539775,,,,
1717494498.017195,,,-8.855683327,,
1717494498.017357,,0.000000000,,,
1717494498.031400,,,,,0.821777761
1717494498.043398,,,,0.000000000,
1717494498.049795,0.424585819,,,,
1717494498.049824,,,-9.108651161,,
1717494498.055381,,0.000000000,,,
1717494498.065384,,,,,0.821777761
1717494498.075368,,,,0.000000000,
1717494498.085366,,0.000000000,,,
1717494498.086157,0.424507618,,,,
1717494498.086183,,,-9.083241463,,
1717494498.099483,,,,,0.821777761
1717494498.110448,,,,0.000000000,
1717494498.119366,0.424504936,,,,
1717494498.119397,,,-8.793122292,,
1717494498.121379,,0.000000000,,,
1717494498.137418,,,,,0.821777761
1717494498.147413,,,,0.000000000,
1717494498.150562,0.424467593,,,,
1717494498.150591,,,-8.290699959,,
1717494498.161460,,0.000000000,,,
1717494498.173488,,,,,0.821777761
1717494498.184469,,,,0.000000000,
1717494498.185426,0.424458802,,,,
1717494498.185458,,,-7.538381100,,
1717494498.199447,,0.000000000,,,
1717494498.210410,,,,,0.821777761
1717494498.219329,0.424391001,,,,
1717494498.219364,,,-6.561709881,,
1717494498.221374,,,,0.000000000,
1717494498.236473,,0.000000000,,,
1717494498.246416,,,,,0.821777761
1717494498.253127,0.424300760,,,,
1717494498.253164,,,-5.424683094,,
1717494498.255404,,,,0.000000000,
1717494498.270483,,0.000000000,,,
1717494498.280412,,,,,0.821722209
1717494498.281080,0.424236596,,,,
1717494498.281112,,,-4.090081692,,
1717494498.297423,,,,0.000000000,
1717494498.308448,,0.000000000,,,
1717494498.318619,0.424087197,,,,
1717494498.318689,,,-2.623383760,,
1717494498.319399,,,,,0.821555555
1717494498.335513,,,,0.000000000,
1717494498.345418,,0.000000000,,,
1717494498.349348,0.423997641,,,,
1717494498.349388,,,-1.100734949,,
1717494498.355375,,,,,0.821333349
1717494498.366436,,,,0.000000000,
1717494498.375478,,0.000000000,,,
1717494498.381392,0.423899621,,,,
1717494498.381435,,,0.476589471,,
1717494498.385458,,,,,0.821277797
1717494498.398491,,,,0.000000000,
1717494498.408466,,0.000000000,,,
1717494498.417595,0.423746854,,,,
1717494498.417626,,,2.032667398,,
1717494498.418402,,,,,0.821222246
1717494498.435531,,,,0.000000000,
1717494498.445493,,0.000000000,,,
1717494498.452904,0.423606932,,,,
1717494498.452942,,,3.540390491,,
1717494498.455388,,,,,0.821111083
1717494498.471472,,,,0.000000000,
1717494498.481428,,0.000000000,,,
1717494498.485650,0.423438221,,,,
1717494498.485687,,,4.975081444,,
1717494498.491461,,,,,0.821055532
1717494498.503566,,,,0.000000000,
1717494498.513424,,0.000000000,,,
1717494498.517839,0.423225433,,,,
1717494498.517871,,,6.272480011,,
1717494498.528439,,,,,0.820999980
1717494498.537539,,,,0.000000000,
1717494498.547517,,0.000000000,,,
1717494498.551184,0.423122376,,,,
1717494498.551206,,,7.383639336,,
1717494498.557429,,,,,0.820944428
1717494498.567436,,,,0.000000000,
1717494498.577478,,0.000000000,,,
1717494498.580152,0.423024476,,,,
1717494498.580176,,,8.310491562,,
1717494498.591481,,,,,0.820888877
1717494498.602497,,,,0.000000000,
1717494498.613422,,0.000000000,,,
1717494498.616176,0.422929794,,,,
1717494498.616204,,,8.991916656,,
1717494498.627462,,,,,0.820888877
1717494498.636591,,,,0.000000000,
1717494498.647503,,0.000000000,,,
1717494498.651982,0.422882617,,,,
1717494498.652029,,,9.455666542,,
1717494498.658494,,,,,0.820888877
1717494498.668622,,,,0.000000000,
1717494498.678602,,0.000000000,,,
1717494498.687099,0.422786027,,,,
1717494498.687139,,,9.665755272,,
1717494498.688977,,,,,0.820888877
1717494498.704625,,,,0.000000000,
1717494498.714549,,0.000000000,,,
1717494498.716479,0.422748655,,,,
1717494498.716513,,,9.623447418,,
1717494498.732453,,,,,0.820888877
1717494498.744462,,,,0.000000000,
1717494498.746995,0.422757983,,,,
1717494498.747026,,,9.342941284,,
1717494498.759435,,0.000000000,,,
1717494498.769470,,,,,0.820888877
1717494498.778466,,,,0.000000000,
1717494498.784711,0.422768027,,,,
1717494498.784734,,,8.775407791,,
1717494498.788455,,0.000000000,,,
1717494498.801502,,,,,0.820888877
1717494498.811488,,,,0.000000000,
1717494498.816858,0.422834277,,,,
1717494498.816886,,,8.021947861,,
1717494498.822473,,0.000000000,,,
1717494498.832483,,,,,0.820888877
1717494498.842495,,,,0.000000000,
1717494498.851931,0.422953516,,,,
1717494498.851979,,,7.032742023,,
1717494498.853510,,0.000000000,,,
1717494498.869528,,,,,0.820888877
1717494498.879491,,,,0.000000000,
1717494498.885483,0.423033834,,,,
1717494498.885501,,,5.858387947,,
1717494498.889457,,0.000000000,,,
1717494498.902530,,,,,0.820888877
1717494498.913513,,,,0.000000000,
1717494498.917768,0.423175961,,,,
1717494498.917804,,,4.499035835,,
1717494498.929499,,0.000000000,,,
1717494498.939491,,,,,0.820888877
1717494498.951470,,,,0.000000000,
1717494498.953019,0.423296720,,,,
1717494498.953040,,,3.017991304,,
1717494498.966497,,0.000000000,,,
1717494498.977490,,,,,0.820888877
1717494498.985290,0.423532248,,,,
1717494498.985330,,,1.442745209,,
1717494498.987475,,,,0.000000000,
1717494499.002574,,0.000000000,,,
1717494499.012527,,,,,0.820888877
1717494499.015094,0.423786044,,,,
1717494499.015112,,,-0.150677592,,
1717494499.030497,,,,0.000000000,
1717494499.041815,,0.000000000,,,
1717494499.048543,0.423953563,,,,
1717494499.048573,,,-1.735704422,,
1717494499.052505,,,,,0.820944428
1717494499.066533,,,,0.000000000,
1717494499.078507,,0.000000000,,,
1717494499.080014,0.424128622,,,,
1717494499.080041,,,-3.248400688,,
1717494499.093592,,,,,0.821055532
1717494499.103587,,,,0.000000000,
1717494499.113537,,0.000000000,,,
1717494499.117120,0.424367666,,,,
1717494499.117141,,,-4.650371075,,
1717494499.130520,,,,,0.821111083
1717494499.139587,,,,0.000000000,
1717494499.149289,0.424501270,,,,
1717494499.149326,,,-5.942734718,,
1717494499.149505,,0.000000000,,,
1717494499.164520,,,,,0.821111083
1717494499.174615,,,,0.000000000,
1717494499.183910,0.424636602,,,,
1717494499.183941,,,-7.024183750,,
1717494499.184503,,0.000000000,,,
1717494499.202784,,,,,0.821111083
1717494499.212595,,,,0.000000000,
1717494499.217993,0.424743742,,,,
1717494499.218038,,,-7.908904076,,
1717494499.222571,,0.000000000,,,
1717494499.232514,,,,,0.821111083
1717494499.243611,,,,0.000000000,
1717494499.249808,0.424851090,,,,
1717494499.249841,,,-8.522574425,,
1717494499.254887,,0.000000000,,,
1717494499.264559,,,,,0.821111083
1717494499.277565,,,,0.000000000,
1717494499.283112,0.424936295,,,,
1717494499.283132,,,-8.892500877,,
1717494499.287501,,0.000000000,,,
1717494499.300546,,,,,0.821111083
1717494499.311548,,,,0.000000000,
1717494499.317560,0.424894840,,,,
1717494499.317577,,,-9.008865356,,
1717494499.322506,,0.000000000,,,
1717494499.334471,,,,,0.821111083
1717494499.344544,,,,0.000000000,
1717494499.349548,0.424831033,,,,
1717494499.349590,,,-8.871463776,,
1717494499.354596,,0.000000000,,,
1717494499.364527,,,,,0.821111083
1717494499.374534,,,,0.000000000,
1717494499.382869,0.424839109,,,,
1717494499.382901,,,-8.507566452,,
1717494499.383521,,0.000000000,,,
1717494499.400602,,,,,0.821111083
1717494499.410678,,,,0.000000000,
1717494499.416975,0.424782127,,,,
1717494499.417003,,,-7.893871784,,
1717494499.421567,,0.000000000,,,
1717494499.431498,,,,,0.821111083
1717494499.441607,,,,0.000000000,
1717494499.450377,0.424611539,,,,
1717494499.450409,,,-7.018012047,,
1717494499.451617,,0.000000000,,,
1717494499.469685,,,,,0.821111083
1717494499.481596,,,,0.000000000,
1717494499.482599,0.424489349,,,,
1717494499.482619,,,-5.989314079,,
1717494499.497606,,0.000000000,,,
1717494499.507725,,,,,0.821111083
1717494499.517008,0.424404383,,,,
1717494499.517036,,,-4.792212009,,
1717494499.518549,,,,0.000000000,
1717494499.535602,,0.000000000,,,
1717494499.546602,,,,,0.821111083
1717494499.549855,0.424253464,,,,
1717494499.549878,,,-3.409894943,,
1717494499.561677,,,,0.000000000,
1717494499.570760,,0.000000000,,,
1717494499.580655,,,,,0.821166694
1717494499.583314,0.424114317,,,,
1717494499.583353,,,-1.957072139,,
1717494499.595607,,,,0.000000000,
1717494499.606636,,0.000000000,,,
1717494499.617674,,,,,0.821166694
1717494499.617733,0.423901379,,,,
1717494499.617746,,,-0.435776025,,
1717494499.634656,,,,0.000000000,
1717494499.643634,,0.000000000,,,
1717494499.648269,0.423763216,,,,
1717494499.648312,,,1.104041696,,
1717494499.653608,,,,,0.821166694
1717494499.664605,,,,0.000000000,
1717494499.673740,,0.000000000,,,
1717494499.683851,0.423598081,,,,
1717494499.683897,,,2.597560883,,
1717494499.685568,,,,,0.821111083
1717494499.700675,,,,0.000000000,
1717494499.710704,,0.000000000,,,
1717494499.717921,0.423374802,,,,
1717494499.717956,,,4.056254387,,
1717494499.720584,,,,,0.820999980
1717494499.734650,,,,0.000000000,
1717494499.746680,,0.000000000,,,
1717494499.748751,0.423239857,,,,
1717494499.748790,,,5.380321026,,
1717494499.761632,,,,,0.820888877
1717494499.771693,,,,0.000000000,
1717494499.782592,,0.000000000,,,
1717494499.783216,0.423147976,,,,
1717494499.783242,,,6.543844223,,
1717494499.797652,,,,,0.820833325
1717494499.811678,,,,0.000000000,
1717494499.817282,0.423048913,,,,
1717494499.817338,,,7.568904877,,
1717494499.821652,,0.000000000,,,
1717494499.833622,,,,,0.820722222
1717494499.844642,,,,0.000000000,
1717494499.850488,0.422954768,,,,
1717494499.850593,,,8.390443802,,
1717494499.855669,,0.000000000,,,
1717494499.866612,,,,,0.820777774
1717494499.877582,,,,0.000000000,
1717494499.882587,0.422936946,,,,
1717494499.882615,,,8.954279900,,
1717494499.887635,,0.000000000,,,
1717494499.898635,,,,,0.820777774
1717494499.908710,,,,0.000000000,
1717494499.916832,0.422829330,,,,
1717494499.916855,,,9.263216972,,
1717494499.918562,,0.000000000,,,
1717494499.937683,,,,,0.820777774
1717494499.947622,,,,0.000000000,
1717494499.949753,0.422879130,,,,
1717494499.949784,,,9.344922066,,
1717494499.961644,,0.000000000,,,
1717494499.972653,,,,,0.820777774
1717494499.982655,,,,0.000000000,
1717494499.982861,0.422824532,,,,
1717494499.982923,,,9.186437607,,
1717494499.998647,,0.000000000,,,
1717494500.009915,,,,,0.820777774
1717494500.017781,0.422871560,,,,
1717494500.017808,,,8.802030563,,
1717494500.020656,,,,0.000000000,
1717494500.034670,,0.000000000,,,
1717494500.044682,,,,,0.820777774
1717494500.050273,0.422929525,,,,
1717494500.050323,,,8.167798996,,
1717494500.055662,,,,0.000000000,
1717494500.064687,,0.000000000,,,
1717494500.076696,,,,,0.820777774
1717494500.080269,0.422996163,,,,
1717494500.080318,,,7.308421135,,
1717494500.094640,,,,0.000000000,
1717494500.104695,,0.000000000,,,
1717494500.115210,0.423073381,,,,
1717494500.115254,,,6.217283726,,
1717494500.115608,,,,,0.820777774
1717494500.131672,,,,0.000000000,
1717494500.142753,,0.000000000,,,
1717494500.149130,0.423193097,,,,
1717494500.149169,,,4.986699581,,
1717494500.152584,,,,,0.820777774
1717494500.166791,,,,0.000000000,
1717494500.176727,,0.000000000,,,
1717494500.185464,0.423311502,,,,
1717494500.185505,,,3.608665228,,
1717494500.186557,,,,,0.820833325
1717494500.202711,,,,0.000000000,
1717494500.213741,,0.000000000,,,
1717494500.217137,0.423440307,,,,
1717494500.217173,,,2.122193336,,
1717494500.228707,,,,,0.820833325
1717494500.239677,,,,0.000000000,
1717494500.249605,,0.000000000,,,
1717494500.250717,0.423644602,,,,
1717494500.250758,,,0.629038751,,
1717494500.263637,,,,,0.820833325
1717494500.273717,,,,0.000000000,
1717494500.284665,,0.000000000,,,
1717494500.284934,0.423754036,,,,
1717494500.284946,,,-0.908443034,,
1717494500.298628,,,,,0.820833325
1717494500.309704,,,,0.000000000,
1717494500.317614,0.423935384,,,,
1717494500.317647,,,-2.386991978,,
1717494500.320607,,0.000000000,,,
1717494500.335658,,,,,0.820833325
1717494500.345641,,,,0.000000000,
1717494500.350264,0.424068928,,,,
1717494500.350286,,,-3.781829357,,
1717494500.355632,,0.000000000,,,
1717494500.366644,,,,,0.820833325
1717494500.377656,,,,0.000000000,
1717494500.384330,0.424156368,,,,
1717494500.384369,,,-5.067416191,,
1717494500.387629,,0.000000000,,,
1717494500.402665,,,,,0.820888877
1717494500.413696,,,,0.000000000,
1717494500.419425,0.424319029,,,,
1717494500.419450,,,-6.180125713,,
1717494500.423650,,0.000000000,,,
1717494500.436633,,,,,0.820888877
1717494500.446754,,,,0.000000000,
1717494500.450211,0.424480915,,,,
1717494500.450245,,,-7.075912476,,
1717494500.460742,,0.000000000,,,
1717494500.472716,,,,,0.820888877
1717494500.484696,,,,0.000000000,
1717494500.484958,0.424529493,,,,
1717494500.484986,,,-7.785417557,,
1717494500.499675,,0.000000000,,,
1717494500.510699,,,,,0.820888877
1717494500.518962,0.424524218,,,,
1717494500.519016,,,-8.238883972,,
1717494500.524694,,,,0.000000000,
1717494500.534685,,0.000000000,,,
1717494500.544701,,,,,0.820888877
1717494500.551618,0.424525172,,,,
1717494500.551645,,,-8.462845802,,
1717494500.555670,,,,0.000000000,
1717494500.569726,,0.000000000,,,
1717494500.579661,,,,,0.820888877
1717494500.585774,0.424595356,,,,
1717494500.585808,,,-8.496866226,,
1717494500.589647,,,,0.000000000,
1717494500.603713,,0.000000000,,,
1717494500.613702,,,,,0.820888877
1717494500.618490,0.424580485,,,,
1717494500.618519,,,-8.240628242,,
1717494500.625696,,,,0.000000000,
1717494500.636707,,0.000000000,,,
1717494500.646710,,,,,0.820888877
1717494500.652137,0.424554080,,,,
1717494500.652168,,,-7.771755695,,
1717494500.657662,,,,0.000000000,
1717494500.669686,,0.000000000,,,
1717494500.679812,,,,,0.820888877
1717494500.686340,0.424451113,,,,
1717494500.686373,,,-7.090794563,,
1717494500.689729,,,,0.000000000,
1717494500.702739,,0.000000000,,,
1717494500.713742,,,,,0.820888877
1717494500.718810,0.424382865,,,,
1717494500.718843,,,-6.184869766,,
1717494500.730702,,,,0.000000000,
1717494500.739743,,0.000000000,,,
1717494500.750693,,,,,0.820888877
1717494500.751202,0.424258381,,,,
1717494500.751235,,,-5.106033802,,
1717494500.766730,,,,0.000000000,
1717494500.777697,,0.000000000,,,
1717494500.784602,0.424114227,,,,
1717494500.784634,,,-3.866976023,,
1717494500.787671,,,,,0.820888877
1717494500.801710,,,,0.000000000,
1717494500.811838,,0.000000000,,,
1717494500.818114,0.424069524,,,,
1717494500.818135,,,-2.543781757,,
1717494500.821690,,,,,0.820888877
1717494500.834722,,,,0.000000000,
1717494500.845736,,0.000000000,,,
1717494500.850644,0.423996776,,,,
1717494500.850677,,,-1.162269711,,
1717494500.855688,,,,,0.820888877
1717494500.865726,,,,0.000000000,
1717494500.875715,,0.000000000,,,
1717494500.883335,0.423914582,,,,
1717494500.883365,,,0.301839292,,
1717494500.885693,,,,,0.820888877
1717494500.900769,,,,0.000000000,
1717494500.910721,,0.000000000,,,
1717494500.917783,0.423742652,,,,
1717494500.917815,,,1.771428823,,
1717494500.920699,,,,,0.820833325
1717494500.934733,,,,0.000000000,
1717494500.945757,,0.000000000,,,
1717494500.950771,0.423649341,,,,
1717494500.950807,,,3.157859802,,
1717494500.956709,,,,,0.820777774
1717494500.966742,,,,0.000000000,
1717494500.976737,,0.000000000,,,
1717494500.985271,0.423518240,,,,
1717494500.985299,,,4.461344719,,
1717494500.987701,,,,,0.820722222
1717494501.001765,,,,0.000000000,
1717494501.012819,,0.000000000,,,
1717494501.018692,0.423508495,,,,
1717494501.018718,,,5.668470383,,
1717494501.022703,,,,,0.820666671
1717494501.035736,,,,0.000000000,
1717494501.044782,,0.000000000,,,
1717494501.050830,0.423491716,,,,
1717494501.050848,,,6.692515373,,
1717494501.054697,,,,,0.820555568
1717494501.067760,,,,0.000000000,
1717494501.078746,,0.000000000,,,
1717494501.084212,0.423416674,,,,
1717494501.084243,,,7.557685852,,
1717494501.088685,,,,,0.820444465
1717494501.101742,,,,0.000000000,
1717494501.111746,,0.000000000,,,
1717494501.118652,0.423354805,,,,
1717494501.118681,,,8.179391861,,
1717494501.122719,,,,,0.820166647
1717494501.135749,,,,0.000000000,
1717494501.145759,,0.000000000,,,
1717494501.152584,0.423253417,,,,
1717494501.152604,,,8.596281052,,
1717494501.155729,,,,,0.819777787
1717494501.169807,,,,0.000000000,
1717494501.179886,,0.000000000,,,
1717494501.185248,0.423260212,,,,
1717494501.185289,,,8.821632385,,
1717494501.192784,,,,,0.819611132
1717494501.203824,,,,0.000000000,
1717494501.214828,,0.000000000,,,
1717494501.217970,0.423249036,,,,
1717494501.217996,,,8.768772125,,
1717494501.228786,,,,,0.819611132
1717494501.238816,,,,0.000000000,
1717494501.248822,,0.000000000,,,
1717494501.252173,0.423297375,,,,
1717494501.252215,,,8.501514435,,
1717494501.263901,,,,,0.819611132
1717494501.273814,,,,0.000000000,
1717494501.282788,,0.000000000,,,
1717494501.285477,0.423296690,,,,
1717494501.285502,,,8.008376122,,
1717494501.297825,,,,,0.819611132
1717494501.307916,,,,0.000000000,
1717494501.317822,,0.000000000,,,
1717494501.319199,0.423309416,,,,
1717494501.319237,,,7.314420700,,
1717494501.332867,,,,,0.819611132
1717494501.342848,,,,0.000000000,
1717494501.350253,0.423374385,,,,
1717494501.350315,,,6.395914078,,
1717494501.352799,,0.000000000,,,
1717494501.367852,,,,,0.819611132
1717494501.377828,,,,0.000000000,
1717494501.384593,0.423412502,,,,
1717494501.384612,,,5.314548016,,
1717494501.388780,,0.000000000,,,
1717494501.403847,,,,,0.819611132
1717494501.413897,,,,0.000000000,
1717494501.419028,0.423522949,,,,
1717494501.419052,,,4.060834885,,
1717494501.423825,,0.000000000,,,
1717494501.433835,,,,,0.819611132
1717494501.443856,,,,0.000000000,
1717494501.451700,0.423619628,,,,
1717494501.451740,,,2.734133005,,
1717494501.452833,,0.000000000,,,
1717494501.468835,,,,,0.819611132
1717494501.479843,,,,0.000000000,
1717494501.485252,0.423700184,,,,
1717494501.485280,,,1.373835206,,
1717494501.490810,,0.000000000,,,
1717494501.501845,,,,,0.819611132
1717494501.513025,,,,0.000000000,
1717494501.518067,0.423731029,,,,
1717494501.518092,,,-0.055758029,,
1717494501.528895,,0.000000000,,,
1717494501.539920,,,,,0.819611132
1717494501.549871,,,,0.000000000,
1717494501.551622,0.423864663,,,,
1717494501.551640,,,-1.491051435,,
1717494501.563935,,0.000000000,,,
1717494501.573898,,,,,0.819666684
1717494501.583886,,,,0.000000000,
1717494501.584608,0.423880070,,,,
1717494501.584657,,,-2.842100382,,
1717494501.598889,,0.000000000,,,
1717494501.608857,,,,,0.819666684
1717494501.617364,0.423993230,,,,
1717494501.617405,,,-4.083729744,,
1717494501.621854,,,,0.000000000,
1717494501.634934,,0.000000000,,,
1717494501.644878,,,,,0.819666684
1717494501.651459,0.424114168,,,,
1717494501.651486,,,-5.216119289,,
1717494501.654774,,,,0.000000000,
1717494501.669887,,0.000000000,,,
1717494501.679917,,,,,0.819666684
1717494501.685525,0.424126208,,,,
1717494501.685565,,,-6.163833618,,
1717494501.689898,,,,0.000000000,
1717494501.702902,,0.000000000,,,
1717494501.712957,,,,,0.819666684
1717494501.717412,0.424196929,,,,
1717494501.717434,,,-6.939707756,,
1717494501.730885,,,,0.000000000,
1717494501.742885,,0.000000000,,,
1717494501.750707,0.424183488,,,,
1717494501.750756,,,-7.470121861,,
1717494501.752825,,,,,0.819666684
1717494501.767903,,,,0.000000000,
1717494501.778902,,0.000000000,,,
1717494501.784745,0.424157083,,,,
1717494501.784780,,,-7.807456017,,
1717494501.789799,,,,,0.819666684
1717494501.799906,,,,0.000000000,
1717494501.809879,,0.000000000,,,
1717494501.819713,0.424237609,,,,
1717494501.819753,,,-7.964321136,,
1717494501.819822,,,,,0.819666684
1717494501.837914,,,,0.000000000,
1717494501.848877,,0.000000000,,,
1717494501.851348,0.424236953,,,,
1717494501.851371,,,-7.855571747,,
1717494501.862829,,,,,0.819666684
1717494501.873886,,,,0.000000000,
1717494501.883875,,0.000000000,,,
1717494501.884245,0.424174637,,,,
1717494501.884281,,,-7.520246983,,
1717494501.898006,,,,,0.819666684
1717494501.907908,,,,0.000000000,
1717494501.917343,0.424165875,,,,
1717494501.917381,,,-6.971682549,,
1717494501.917876,,0.000000000,,,
1717494501.936905,,,,,0.819666684
1717494501.946883,,,,0.000000000,
1717494501.951515,0.424135268,,,,
1717494501.951539,,,-6.223287106,,
1717494501.957871,,0.000000000,,,
1717494501.967895,,,,,0.819666684
1717494501.978891,,,,0.000000000,
1717494501.983556,0.424117029,,,,
1717494501.983602,,,-5.326499939,,
1717494501.990806,,0.000000000,,,
1717494502.003911,,,,,0.819666684
1717494502.015909,,,,0.000000000,
1717494502.016807,0.424106628,,,,
1717494502.016855,,,-4.281589031,,
1717494502.029907,,0.000000000,,,
1717494502.039900,,,,,0.819666684
1717494502.049008,,,,0.000000000,
1717494502.049686,0.424045414,,,,
1717494502.049730,,,-3.076546431,,
1717494502.063890,,0.000000000,,,
1717494502.073965,,,,,0.819666684
1717494502.083130,0.424046874,,,,
1717494502.083162,,,-1.800435305,,
1717494502.084869,,,,0.000000000,
1717494502.101995,,0.000000000,,,
1717494502.111968,,,,,0.819666684
1717494502.117406,0.424009770,,,,
1717494502.117451,,,-0.479669273,,
1717494502.121867,,,,0.000000000,
1717494502.137935,,0.000000000,,,
1717494502.148070,,,,,0.819611132
1717494502.151790,0.423889875,,,,
1717494502.151824,,,0.921809673,,
1717494502.158888,,,,0.000000000,
1717494502.168940,,0.000000000,,,
1717494502.178927,,,,,0.819611132
1717494502.183713,0.423846930,,,,
1717494502.183732,,,2.266103745,,
1717494502.189926,,,,0.000000000,
1717494502.202934,,0.000000000,,,
1717494502.213008,,,,,0.819611132
1717494502.217691,0.423715025,,,,
1717494502.217717,,,3.540222406,,
1717494502.224915,,,,0.000000000,
1717494502.234900,,0.000000000,,,
1717494502.244963,,,,,0.819611132
1717494502.251536,0.423557520,,,,
1717494502.251583,,,4.692734241,,
1717494502.254892,,,,0.000000000,
1717494502.269939,,0.000000000,,,
1717494502.279957,,,,,0.819555581
1717494502.284363,0.423462093,,,,
1717494502.284388,,,5.723920345,,
1717494502.290900,,,,0.000000000,
1717494502.300080,,0.000000000,,,
1717494502.309931,,,,,0.819555581
1717494502.317238,0.423321754,,,,
1717494502.317275,,,6.647388935,,
1717494502.320893,,,,0.000000000,
1717494502.336938,,0.000000000,,,
1717494502.347001,,,,,0.819555581
1717494502.350670,0.423168987,,,,
1717494502.350694,,,7.388247490,,
1717494502.358940,,,,0.000000000,
1717494502.367941,,0.000000000,,,
1717494502.379976,,,,,0.819555581
1717494502.383857,0.423054367,,,,
1717494502.383886,,,7.896832943,,
1717494502.388975,,,,0.000000000,
1717494502.398993,,0.000000000,,,
1717494502.409960,,,,,0.819555581
1717494502.415090,0.422968626,,,,
1717494502.415116,,,8.213013649,,
1717494502.419924,,,,0.000000000,
1717494502.429959,,0.000000000,,,
1717494502.439979,,,,,0.819555581
1717494502.449801,0.422979176,,,,
1717494502.449834,,,8.363453865,,
1717494502.450920,,,,0.000000000,
1717494502.467994,,0.000000000,,,
1717494502.477953,,,,,0.819555581
1717494502.483880,0.422920436,,,,
1717494502.483911,,,8.222668648,,
1717494502.491909,,,,0.000000000,
1717494502.503973,,0.000000000,,,
1717494502.514984,,,,,0.819555581
1717494502.517111,0.422897100,,,,
1717494502.517126,,,7.880860806,,
1717494502.531949,,,,0.000000000,
1717494502.541961,,0.000000000,,,
1717494502.552104,0.422933340,,,,
1717494502.552135,,,7.375337124,,
1717494502.552911,,,,,0.819555581
1717494502.570003,,,,0.000000000,
1717494502.580935,,0.000000000,,,
1717494502.581908,0.423020869,,,,
1717494502.581928,,,6.669226646,,
1717494502.595010,,,,,0.819555581
1717494502.606975,,,,0.000000000,
1717494502.615357,0.423030645,,,,
1717494502.615398,,,5.691790104,,
1717494502.615989,,0.000000000,,,
1717494502.632019,,,,,0.819555581
1717494502.644069,,,,0.000000000,
1717494502.649420,0.423105031,,,,
1717494502.649476,,,4.637379169,,
1717494502.653924,,0.000000000,,,
1717494502.665956,,,,,0.819111109
1717494502.674928,,,,0.000000000,
1717494502.682336,0.423231602,,,,
1717494502.682358,,,3.434172630,,
1717494502.684972,,0.000000000,,,
1717494502.699060,,,,,0.819111109
1717494502.709069,,,,0.000000000,
1717494502.715601,0.423388004,,,,
1717494502.715635,,,2.146054268,,
1717494502.720931,,0.000000000,,,
1717494502.737001,,,,,0.819111109
1717494502.748011,,,,0.000000000,
1717494502.749056,0.423489004,,,,
1717494502.749072,,,0.811899602,,
1717494502.762012,,0.000000000,,,
1717494502.773068,,,,,0.819111109
1717494502.782550,0.423579097,,,,
1717494502.782590,,,-0.604956210,,
1717494502.783952,,,,0.000000000,
1717494502.800078,,0.000000000,,,
1717494502.811014,,,,,0.819111109
1717494502.814901,0.423739463,,,,
1717494502.814951,,,-1.951960683,,
1717494502.819982,,,,0.000000000,
1717494502.830021,,0.000000000,,,
1717494502.839983,,,,,0.819111109
1717494502.847905,0.423930198,,,,
1717494502.847944,,,-3.254737139,,
1717494502.849968,,,,0.000000000,
1717494502.865005,,0.000000000,,,
1717494502.875975,,,,,0.819111109
1717494502.881871,0.424019068,,,,
1717494502.881901,,,-4.424527168,,
1717494502.886031,,,,0.000000000,
1717494502.899009,,0.000000000,,,
1717494502.909966,,,,,0.819111109
1717494502.915437,0.424093664,,,,
1717494502.915467,,,-5.448567867,,
1717494502.921032,,,,0.000000000,
1717494502.937053,,0.000000000,,,
1717494502.948019,,,,,0.819111109
1717494502.948876,0.424238414,,,,
1717494502.948896,,,-6.242921829,,
1717494502.964040,,,,0.000000000,
1717494502.973965,,0.000000000,,,
1717494502.981921,0.424300760,,,,
1717494502.981961,,,-6.939178944,,
1717494502.984969,,,,,0.819111109
1717494502.999203,,,,0.000000000,
1717494503.010994,,0.000000000,,,
1717494503.014639,0.424387187,,,,
1717494503.014657,,,-7.427919388,,
1717494503.020992,,,,,0.819111109
1717494503.031036,,,,0.000000000,
1717494503.042045,,0.000000000,,,
1717494503.049424,0.424403697,,,,
1717494503.049458,,,-7.684956551,,
1717494503.051963,,,,,0.819111109
1717494503.068024,,,,0.000000000,
1717494503.079002,,0.000000000,,,
1717494503.082206,0.424393535,,,,
1717494503.082225,,,-7.737817287,,
1717494503.094061,,,,,0.819111109
1717494503.106031,,,,0.000000000,
1717494503.114947,0.424379885,,,,
1717494503.114995,,,-7.535861492,,
1717494503.116020,,0.000000000,,,
1717494503.134047,,,,,0.819111109
1717494503.146109,,,,0.000000000,
1717494503.148303,0.424338639,,,,
1717494503.148344,,,-7.118359566,,
1717494503.161033,,0.000000000,,,
1717494503.172018,,,,,0.819111109
1717494503.181188,0.424194485,,,,
1717494503.181236,,,-6.511543751,,
1717494503.181988,,,,0.000000000,
1717494503.198118,,0.000000000,,,
1717494503.208103,,,,,0.819111109
1717494503.215424,0.424158156,,,,
1717494503.215461,,,-5.739703178,,
1717494503.220014,,,,0.000000000,
1717494503.233090,,0.000000000,,,
1717494503.243056,,,,,0.819111109
1717494503.248832,0.424117625,,,,
1717494503.248854,,,-4.778583050,,
1717494503.254056,,,,0.000000000,
1717494503.265069,,0.000000000,,,
1717494503.275049,,,,,0.819111109
1717494503.281660,0.424018025,,,,
1717494503.281686,,,-3.693420172,,
1717494503.286068,,,,0.000000000,
1717494503.298070,,0.000000000,,,
1717494503.309050,,,,,0.819111109
1717494503.315705,0.423959464,,,,
1717494503.315748,,,-2.471549273,,
1717494503.321009,,,,0.000000000,
1717494503.336072,,0.000000000,,,
1717494503.346097,,,,,0.819111109
1717494503.348670,0.423853040,,,,
1717494503.348708,,,-1.152644753,,
1717494503.362062,,,,0.000000000,
1717494503.372095,,0.000000000,,,
1717494503.381749,0.423712015,,,,
1717494503.381782,,,0.172772691,,
1717494503.383035,,,,,0.819111109
1717494503.399080,,,,0.000000000,
1717494503.410129,,0.000000000,,,
1717494503.415447,0.423654646,,,,
1717494503.415488,,,1.530712008,,
1717494503.421061,,,,,0.819111109
1717494503.433093,,,,0.000000000,
1717494503.442093,,0.000000000,,,
1717494503.448506,0.423540890,,,,
1717494503.448535,,,2.842953444,,
1717494503.453086,,,,,0.819111109
1717494503.465075,,,,0.000000000,
1717494503.475220,,0.000000000,,,
1717494503.481609,0.423496366,,,,
1717494503.481654,,,4.046601295,,
1717494503.485050,,,,,0.819111109
1717494503.499109,,,,0.000000000,
1717494503.510099,,0.000000000,,,
1717494503.517062,0.423446536,,,,
1717494503.517117,,,5.166802406,,
1717494503.522051,,,,,0.819055557
1717494503.537110,,,,0.000000000,
1717494503.548085,,0.000000000,,,
1717494503.549077,0.423352003,,,,
1717494503.549103,,,6.126837254,,
1717494503.564145,,,,,0.819055557
1717494503.576093,,,,0.000000000,
1717494503.581413,0.423333108,,,,
1717494503.581452,,,6.914733410,,
1717494503.586119,,0.000000000,,,
1717494503.600123,,,,,0.819055557
1717494503.610161,,,,0.000000000,
1717494503.615957,0.423257113,,,,
1717494503.615999,,,7.531589985,,
1717494503.622118,,0.000000000,,,
1717494503.633125,,,,,0.819055557
1717494503.642143,,,,0.000000000,
1717494503.648203,0.423198462,,,,
1717494503.648236,,,7.939016819,,
1717494503.652210,,0.000000000,,,
1717494503.665188,,,,,0.819055557
1717494503.675150,,,,0.000000000,
1717494503.682182,0.423164487,,,,
1717494503.682222,,,8.163594246,,
1717494503.685115,,0.000000000,,,
1717494503.700234,,,,,0.819055557
1717494503.710290,,,,0.000000000,
1717494503.716666,0.423215181,,,,
1717494503.716717,,,8.181289673,,
1717494503.720181,,0.000000000,,,
1717494503.737170,,,,,0.819055557
1717494503.748141,,,,0.000000000,
1717494503.749843,0.423289627,,,,
1717494503.749871,,,7.916792870,,
1717494503.765196,,0.000000000,,,
1717494503.776175,,,,,0.819055557
1717494503.783030,0.423355103,,,,
1717494503.783077,,,7.471088409,,
1717494503.788180,,,,0.000000000,
1717494503.798225,,0.000000000,,,
1717494503.808167,,,,,0.819055557
1717494503.816034,0.423375577,,,,
1717494503.816154,,,6.857032299,,
1717494503.819222,,,,0.000000000,
1717494503.835846,,0.000000000,,,
1717494503.844268,,,,,0.819055557
1717494503.848980,0.423432916,,,,
1717494503.849023,,,6.023841381,,
1717494503.854304,,,,0.000000000,
1717494503.866205,,0.000000000,,,
1717494503.877224,,,,,0.819055557
1717494503.881254,0.423544675,,,,
1717494503.881288,,,5.023376942,,
1717494503.887143,,,,0.000000000,
1717494503.899210,,0.000000000,,,
1717494503.910193,,,,,0.818944454
1717494503.914127,0.423634291,,,,
1717494503.914177,,,3.869126320,,
1717494503.921211,,,,0.000000000,
1717494503.931236,,0.000000000,,,
1717494503.941261,,,,,0.818944454
1717494503.946520,0.423803210,,,,
1717494503.946598,,,2.600440025,,
1717494503.952227,,,,0.000000000,
1717494503.961163,,0.000000000,,,
1717494503.973177,,,,,0.818944454
1717494503.979721,0.423976034,,,,
1717494503.979757,,,1.232067108,,
1717494503.984126,,,,0.000000000,
1717494503.993202,,0.000000000,,,
1717494504.003344,,,,,0.818944454
1717494504.013248,,,,0.000000000,
1717494504.013476,0.424153626,,,,
1717494504.013491,,,-0.195608810,,
1717494504.027200,,0.000000000,,,
1717494504.038196,,,,,0.818944454
1717494504.048217,,,,0.000000000,
1717494504.048877,0.424313068,,,,
1717494504.048903,,,-1.605571985,,
1717494504.063224,,0.000000000,,,
1717494504.074219,,,,,0.818944454
1717494504.081252,0.424426079,,,,
1717494504.081302,,,-2.945580959,,
1717494504.085146,,,,0.000000000,
1717494504.098253,,0.000000000,,,
1717494504.109210,,,,,0.818944454
1717494504.115746,0.424589366,,,,
1717494504.115791,,,-4.212910652,,
1717494504.121175,,,,0.000000000,
1717494504.136326,,0.000000000,,,
1717494504.147258,,,,,0.818944454
1717494504.149980,0.424747497,,,,
1717494504.150011,,,-5.356518745,,
1717494504.163205,,,,0.000000000,
1717494504.175241,,0.000000000,,,
1717494504.183481,0.424862683,,,,
1717494504.183518,,,-6.324475288,,
1717494504.186227,,,,,0.818944454
1717494504.200281,,,,0.000000000,
1717494504.210198,,0.000000000,,,
1717494504.216155,0.424980491,,,,
1717494504.216241,,,-7.103883743,,
1717494504.222197,,,,,0.818944454
1717494504.231381,,,,0.000000000,
1717494504.241318,,0.000000000,,,
1717494504.251222,,,,,0.818944454
1717494504.252358,0.425032169,,,,
1717494504.252383,,,-7.707648754,,
1717494504.268284,,,,0.000000000,
1717494504.278208,,0.000000000,,,
1717494504.278935,0.425067544,,,,
1717494504.278973,,,-8.072696686,,
1717494504.293160,,,,,0.818944454
1717494504.304212,,,,0.000000000,
1717494504.315184,,0.000000000,,,
1717494504.315507,0.425121188,,,,
1717494504.315525,,,-8.212124825,,
1717494504.332238,,,,,0.818944454
1717494504.342307,,,,0.000000000,
1717494504.349972,0.425051093,,,,
1717494504.349993,,,-8.115241051,,
1717494504.353207,,0.000000000,,,
1717494504.367175,,,,,0.818944454
1717494504.377211,,,,0.000000000,
1717494504.382552,0.424969494,,,,
1717494504.382599,,,-7.807116508,,
1717494504.387158,,0.000000000,,,
1717494504.401250,,,,,0.818944454
1717494504.411209,,,,0.000000000,
1717494504.416584,0.424919158,,,,
1717494504.416659,,,-7.289042950,,
1717494504.421227,,0.000000000,,,
1717494504.434278,,,,,0.818944454
1717494504.445292,,,,0.000000000,
1717494504.450372,0.424735397,,,,
1717494504.450418,,,-6.524409771,,
1717494504.456229,,0.000000000,,,
1717494504.469343,,,,,0.818944454
1717494504.480284,,,,0.000000000,
1717494504.482332,0.424601495,,,,
1717494504.482352,,,-5.641000271,,
1717494504.494202,,0.000000000,,,
1717494504.504266,,,,,0.818944454
1717494504.514264,,,,0.000000000,
1717494504.515903,0.424491704,,,,
1717494504.515926,,,-4.589241028,,
1717494504.531303,,0.000000000,,,
1717494504.543280,,,,,0.818944454
1717494504.549474,0.424359977,,,,
1717494504.549503,,,-3.396174431,,
1717494504.553209,,,,0.000000000,
1717494504.566304,,0.000000000,,,
1717494504.576246,,,,,0.818944454
1717494504.583578,0.424238443,,,,
1717494504.583612,,,-2.115004539,,
1717494504.586198,,,,0.000000000,
1717494504.603277,,0.000000000,,,
1717494504.613283,,,,,0.818944454
1717494504.616478,0.424097955,,,,
1717494504.616509,,,-0.785500646,,
1717494504.629251,,,,0.000000000,
1717494504.641280,,0.000000000,,,
1717494504.648810,0.423937798,,,,
1717494504.648861,,,0.577092826,,
1717494504.651182,,,,,0.818944454
1717494504.666309,,,,0.000000000,
1717494504.676278,,0.000000000,,,
1717494504.682718,0.423842937,,,,
1717494504.682758,,,1.920773983,,
1717494504.687305,,,,,0.818944454
1717494504.700259,,,,0.000000000,
1717494504.710208,,0.000000000,,,
1717494504.715778,0.423724830,,,,
1717494504.715806,,,3.193101883,,
1717494504.720235,,,,,0.818944454
1717494504.737360,,,,0.000000000,
1717494504.748172,,0.000000000,,,
1717494504.749212,0.423589885,,,,
1717494504.749230,,,4.367434978,,
1717494504.762228,,,,,0.818888903
1717494504.774255,,,,0.000000000,
1717494504.782356,0.423494607,,,,
1717494504.782388,,,5.353647709,,
1717494504.784227,,0.000000000,,,
1717494504.799281,,,,,0.818888903
1717494504.811213,,,,0.000000000,
1717494504.815932,0.423388958,,,,
1717494504.815970,,,6.229080677,,
1717494504.821250,,0.000000000,,,
1717494504.831336,,,,,0.818888903
1717494504.841346,,,,0.000000000,
1717494504.851314,0.423344195,,,,
1717494504.851346,,,6.941683292,,
1717494504.853251,,0.000000000,,,
1717494504.868317,,,,,0.818888903
1717494504.878293,,,,0.000000000,
1717494504.883582,0.423309475,,,,
1717494504.883604,,,7.441153049,,
1717494504.889228,,0.000000000,,,
1717494504.899336,,,,,0.818888903
1717494504.908277,,,,0.000000000,
1717494504.916772,0.423298180,,,,
1717494504.916799,,,7.778625488,,
1717494504.918219,,0.000000000,,,
1717494504.938285,,,,,0.818888903
1717494504.950024,0.423242718,,,,
1717494504.950048,,,7.879256248,,
1717494504.950235,,,,0.000000000,
1717494504.966282,,0.000000000,,,
1717494504.976251,,,,,0.818888903
1717494504.982393,0.423199236,,,,
1717494504.982426,,,7.756999969,,
1717494504.988256,,,,0.000000000,
1717494504.998352,,0.000000000,,,
1717494505.008309,,,,,0.818888903
1717494505.017098,0.423200995,,,,
1717494505.017127,,,7.387220860,,
1717494505.018271,,,,0.000000000,
1717494505.035340,,0.000000000,,,
1717494505.046288,,,,,0.818888903
1717494505.050352,0.423206419,,,,
1717494505.050383,,,6.871487617,,
1717494505.057266,,,,0.000000000,
1717494505.068359,,0.000000000,,,
1717494505.079305,,,,,0.818888903
1717494505.083574,0.423236728,,,,
1717494505.083600,,,6.121735573,,
1717494505.089288,,,,0.000000000,
1717494505.099354,,0.000000000,,,
1717494505.111304,,,,,0.818888903
1717494505.117538,0.423321515,,,,
1717494505.117565,,,5.195570946,,
1717494505.121303,,,,0.000000000,
1717494505.138366,,0.000000000,,,
1717494505.148374,,,,,0.818888903
1717494505.150791,0.423412830,,,,
1717494505.150815,,,4.172266960,,
1717494505.166334,,,,0.000000000,
1717494505.176329,,0.000000000,,,
1717494505.183109,0.423499793,,,,
1717494505.183133,,,2.982576132,,
1717494505.187270,,,,,0.818777800
1717494505.200374,,,,0.000000000,
1717494505.210346,,0.000000000,,,
1717494505.216608,0.423615098,,,,
1717494505.216635,,,1.704242468,,
1717494505.221307,,,,,0.818777800
1717494505.232437,,,,0.000000000,
1717494505.242364,,0.000000000,,,
1717494505.251537,0.423641652,,,,
1717494505.251575,,,0.390303105,,
1717494505.253292,,,,,0.818777800
1717494505.270345,,,,0.000000000,
1717494505.283107,0.423755884,,,,
1717494505.283147,,,-0.944990695,,
1717494505.283274,,0.000000000,,,
1717494505.299352,,,,,0.818777800
1717494505.309314,,,,0.000000000,
1717494505.313132,0.423854411,,,,
1717494505.313171,,,-2.261708736,,
1717494505.319321,,0.000000000,,,
1717494505.336355,,,,,0.818777800
1717494505.345116,0.423953325,,,,
1717494505.345144,,,-3.470195532,,
1717494505.350317,,,,0.000000000,
1717494505.361293,,0.000000000,,,
1717494505.371353,,,,,0.818777800
1717494505.379370,0.424088955,,,,
1717494505.379397,,,-4.644021034,,
1717494505.381259,,,,0.000000000,
1717494505.396445,,0.000000000,,,
1717494505.406385,,,,,0.818777800
1717494505.414392,0.424185038,,,,
1717494505.414440,,,-5.617587566,,
1717494505.416325,,,,0.000000000,
1717494505.431312,,0.000000000,,,
1717494505.442435,,,,,0.818777800
1717494505.450315,0.424291581,,,,
1717494505.450357,,,-6.420565128,,
1717494505.452352,,,,0.000000000,
1717494505.468388,,0.000000000,,,
1717494505.479359,,,,,0.818777800
1717494505.482715,0.424397200,,,,
1717494505.482778,,,-7.081801891,,
1717494505.496329,,,,0.000000000,
1717494505.506374,,0.000000000,,,
1717494505.515984,0.424456507,,,,
1717494505.516031,,,-7.517210007,,
1717494505.518288,,,,,0.818777800
1717494505.536402,,,,0.000000000,
1717494505.546406,,0.000000000,,,
1717494505.549912,0.424452096,,,,
1717494505.549952,,,-7.764903069,,
1717494505.562342,,,,,0.818777800
1717494505.574402,,,,0.000000000,
1717494505.583511,0.424462885,,,,
1717494505.583556,,,-7.787979126,,
1717494505.584308,,0.000000000,,,
1717494505.600366,,,,,0.818777800
1717494505.611357,,,,0.000000000,
1717494505.616549,0.424470097,,,,
1717494505.616576,,,-7.587354660,,
1717494505.621358,,0.000000000,,,
1717494505.632367,,,,,0.818777800
1717494505.642388,,,,0.000000000,
1717494505.649343,0.424454033,,,,
1717494505.649393,,,-7.163849831,,
1717494505.652329,,0.000000000,,,
1717494505.667380,,,,,0.818777800
1717494505.677364,,,,0.000000000,
1717494505.683229,0.424397618,,,,
1717494505.683269,,,-6.581510067,,
1717494505.687326,,0.000000000,,,
1717494505.702430,,,,,0.818777800
1717494505.712360,,,,0.000000000,
1717494505.716152,0.424324393,,,,
1717494505.716200,,,-5.765575886,,
1717494505.722389,,0.000000000,,,
1717494505.736457,,,,,0.818777800
1717494505.746406,,,,0.000000000,
1717494505.750533,0.424251169,,,,
1717494505.750650,,,-4.818884373,,
1717494505.756338,,0.000000000,,,
1717494505.766434,,,,,0.818777800
1717494505.779445,,,,0.000000000,
1717494505.783590,0.424168348,,,,
1717494505.783614,,,-3.743504524,,
1717494505.790307,,0.000000000,,,
1717494505.800412,,,,,0.818777800
1717494505.811389,,,,0.000000000,
1717494505.816614,0.424053103,,,,
1717494505.816641,,,-2.565724611,,
1717494505.822399,,0.000000000,,,
1717494505.832431,,,,,0.818777800
1717494505.842465,,,,0.000000000,
1717494505.850659,0.423982948,,,,
1717494505.850684,,,-1.312594056,,
1717494505.852342,,0.000000000,,,
1717494505.869426,,,,,0.818777800
1717494505.879477,,,,0.000000000,
1717494505.884047,0.423903823,,,,
1717494505.884072,,,-0.012802657,,
1717494505.889374,,0.000000000,,,
1717494505.899428,,,,,0.818777800
1717494505.910407,,,,0.000000000,
1717494505.914970,0.423821300,,,,
1717494505.914990,,,1.268799067,,
1717494505.920370,,0.000000000,,,
1717494505.937461,,,,,0.818722248
1717494505.948407,,,,0.000000000,
1717494505.949445,0.423783094,,,,
1717494505.949461,,,2.518863678,,
1717494505.963508,,0.000000000,,,
1717494505.975417,,,,,0.818722248
1717494505.982126,0.423714519,,,,
1717494505.982167,,,3.684320688,,
1717494505.985356,,,,0.000000000,
1717494505.999444,,0.000000000,,,
1717494506.009413,,,,,0.818722248
1717494506.014958,0.423647135,,,,
1717494506.014981,,,4.751798153,,
1717494506.021379,,,,0.000000000,
1717494506.031434,,0.000000000,,,
1717494506.041501,,,,,0.818722248
1717494506.048410,0.423590064,,,,
1717494506.048441,,,5.656507492,,
1717494506.050401,,,,0.000000000,
1717494506.066483,,0.000000000,,,
1717494506.077510,,,,,0.818722248
1717494506.081620,0.423494756,,,,
1717494506.081649,,,6.411615372,,
1717494506.089395,,,,0.000000000,
1717494506.099441,,0.000000000,,,
1717494506.109426,,,,,0.818722248
1717494506.115604,0.423457503,,,,
1717494506.115629,,,7.004894257,,
1717494506.119355,,,,0.000000000,
1717494506.136401,,0.000000000,,,
1717494506.147415,,,,,0.818722248
1717494506.157440,,,,0.000000000,
1717494506.160171,0.423463821,,,,
1717494506.160203,,,7.398028851,,
1717494506.170470,,0.000000000,,,
1717494506.181449,,,,,0.818722248
1717494506.190432,,,,0.000000000,
1717494506.193222,0.423411608,,,,
1717494506.193288,,,7.605029583,,
1717494506.204461,,0.000000000,,,
1717494506.215590,0.423367977,,,,
1717494506.215634,,,7.588162422,,
1717494506.216401,,,,,0.818722248
1717494506.232459,,,,0.000000000,
1717494506.243496,,0.000000000,,,
1717494506.250676,0.423414826,,,,
1717494506.250714,,,7.349616051,,
1717494506.255465,,,,,0.818722248
1717494506.268434,,,,0.000000000,
1717494506.278438,,0.000000000,,,
1717494506.283023,0.423433661,,,,
1717494506.283042,,,6.926361561,,
1717494506.288555,,,,,0.818722248
1717494506.300495,,,,0.000000000,
1717494506.311456,,0.000000000,,,
1717494506.314848,0.423502117,,,,
1717494506.314868,,,6.320249557,,
1717494506.328430,,,,,0.818722248
1717494506.338527,,,,0.000000000,
1717494506.349477,,0.000000000,,,
1717494506.349530,0.423542172,,,,
1717494506.349542,,,5.531808853,,
1717494506.365472,,,,,0.818722248
1717494506.374441,,,,0.000000000,
1717494506.383063,0.423616558,,,,
1717494506.383106,,,4.600815296,,
1717494506.385489,,0.000000000,,,
1717494506.400492,,,,,0.818722248
1717494506.411520,,,,0.000000000,
1717494506.415043,0.423726767,,,,
1717494506.415061,,,3.540750027,,
1717494506.421411,,0.000000000,,,
1717494506.430429,,,,,0.818611085
1717494506.443517,,,,0.000000000,
1717494506.449264,0.423820555,,,,
1717494506.449301,,,2.353137732,,
1717494506.453482,,0.000000000,,,
1717494506.466429,,,,,0.818611085
1717494506.476446,,,,0.000000000,
1717494506.482913,0.423950255,,,,
1717494506.482944,,,1.103955150,,
1717494506.486461,,0.000000000,,,
1717494506.501509,,,,,0.818611085
1717494506.512510,,,,0.000000000,
1717494506.515958,0.424052089,,,,
1717494506.515994,,,-0.168629169,,
1717494506.528460,,0.000000000,,,
1717494506.540490,,,,,0.818611085
1717494506.549681,0.424173445,,,,
1717494506.549714,,,-1.410599947,,
1717494506.550497,,,,0.000000000,
1717494506.567534,,0.000000000,,,
1717494506.577478,,,,,0.818611085
1717494506.581731,0.424301177,,,,
1717494506.581769,,,-2.646655798,,
1717494506.586455,,,,0.000000000,
1717494506.596444,,0.000000000,,,
1717494506.606494,,,,,0.818611085
1717494506.615982,0.424382836,,,,
1717494506.616027,,,-3.798565388,,
1717494506.616509,,,,0.000000000,
1717494506.634541,,0.000000000,,,
1717494506.645580,,,,,0.818611085
1717494506.649115,0.424453259,,,,
1717494506.649163,,,-4.852643013,,
1717494506.661478,,,,0.000000000,
1717494506.671533,,0.000000000,,,
1717494506.682266,0.424575567,,,,
1717494506.682298,,,-5.744658947,,
1717494506.683438,,,,,0.818611085
1717494506.699512,,,,0.000000000,
1717494506.710501,,0.000000000,,,
1717494506.715577,0.424607158,,,,
1717494506.715607,,,-6.474921703,,
1717494506.721493,,,,,0.818611085
1717494506.735537,,,,0.000000000,
1717494506.746546,,0.000000000,,,
1717494506.750279,0.424686342,,,,
1717494506.750317,,,-7.029528618,,
1717494506.758490,,,,,0.818611085
1717494506.769494,,,,0.000000000,
1717494506.779536,,0.000000000,,,
1717494506.782911,0.424746662,,,,
1717494506.782935,,,-7.383728027,,
1717494506.795478,,,,,0.818611085
1717494506.806525,,,,0.000000000,
1717494506.815128,0.424733311,,,,
1717494506.815148,,,-7.513465881,,
1717494506.816479,,0.000000000,,,
1717494506.832528,,,,,0.818611085
1717494506.842610,,,,0.000000000,
1717494506.850477,0.424756765,,,,
1717494506.850509,,,-7.444439411,,
1717494506.853472,,0.000000000,,,
1717494506.869528,,,,,0.818611085
1717494506.881537,,,,0.000000000,
1717494506.882498,0.424741238,,,,
1717494506.882513,,,-7.202867508,,
1717494506.895489,,0.000000000,,,
1717494506.906518,,,,,0.818611085
1717494506.915468,0.424723387,,,,
1717494506.915496,,,-6.738679409,,
1717494506.918499,,,,0.000000000,
1717494506.935600,,0.000000000,,,
1717494506.945610,,,,,0.818611085
1717494506.949975,0.424572736,,,,
1717494506.949997,,,-6.053489208,,
1717494506.955483,,,,0.000000000,
1717494506.965533,,0.000000000,,,
1717494506.976497,,,,,0.818611085
1717494506.982335,0.424468964,,,,
1717494506.982358,,,-5.237475872,,
1717494506.985488,,,,0.000000000,
1717494507.000604,,0.000000000,,,
1717494507.012553,,,,,0.818611085
1717494507.015579,0.424348027,,,,
1717494507.015619,,,-4.291429043,,
1717494507.028520,,,,0.000000000,
1717494507.037586,,0.000000000,,,
1717494507.048577,,,,,0.818611085
1717494507.049977,0.424266458,,,,
1717494507.050018,,,-3.191025972,,
1717494507.064571,,,,0.000000000,
1717494507.074553,,0.000000000,,,
1717494507.082755,0.424077481,,,,
1717494507.082800,,,-2.028413534,,
1717494507.085520,,,,,0.818611085
1717494507.099575,,,,0.000000000,
1717494507.110552,,0.000000000,,,
1717494507.116102,0.423907101,,,,
1717494507.116172,,,-0.766519547,,
1717494507.121521,,,,,0.818611085
1717494507.136618,,,,0.000000000,
1717494507.146603,,0.000000000,,,
1717494507.149164,0.423704326,,,,
1717494507.149193,,,0.465203375,,
1717494507.162547,,,,,0.818555534
1717494507.172595,,,,0.000000000,
1717494507.182432,0.423550546,,,,
1717494507.182463,,,1.691266179,,
1717494507.183499,,0.000000000,,,
1717494507.199551,,,,,0.818555534
1717494507.211557,,,,0.000000000,
1717494507.216407,0.423389912,,,,
1717494507.216448,,,2.884522676,,
1717494507.221514,,0.000000000,,,
1717494507.230527,,,,,0.818555534
1717494507.239599,,,,0.000000000,
1717494507.249614,,0.000000000,,,
1717494507.250299,0.423257500,,,,
1717494507.250375,,,3.993414640,,
1717494507.263549,,,,,0.818555534
1717494507.274575,,,,0.000000000,
1717494507.282653,0.423180014,,,,
1717494507.282680,,,4.927701473,,
1717494507.284546,,0.000000000,,,
1717494507.300617,,,,,0.818555534
1717494507.312577,,,,0.000000000,
1717494507.316068,0.423079520,,,,
1717494507.316090,,,5.776440620,,
1717494507.328547,,0.000000000,,,
1717494507.338623,,,,,0.818555534
1717494507.349123,0.422987133,,,,
1717494507.349159,,,6.476125717,,
1717494507.349567,,,,0.000000000,
1717494507.363582,,0.000000000,,,
1717494507.374575,,,,,0.818555534
1717494507.382380,0.422956228,,,,
1717494507.382411,,,6.949818134,,
1717494507.384538,,,,0.000000000,
1717494507.399626,,0.000000000,,,
1717494507.411613,,,,,0.818555534
1717494507.416177,0.422930658,,,,
1717494507.416202,,,7.288111687,,
1717494507.421556,,,,0.000000000,
1717494507.430514,,0.000000000,,,
1717494507.441617,,,,,0.818555534
1717494507.448545,0.422910452,,,,
1717494507.448573,,,7.377351284,,
1717494507.452659,,,,0.000000000,
1717494507.466597,,0.000000000,,,
1717494507.476568,,,,,0.818555534
1717494507.482658,0.422915339,,,,
1717494507.482679,,,7.282461166,,
1717494507.486572,,,,0.000000000,
1717494507.500595,,0.000000000,,,
1717494507.510591,,,,,0.818555534
1717494507.516717,0.422911346,,,,
1717494507.516758,,,6.965547085,,
1717494507.521564,,,,0.000000000,
1717494507.537626,,0.000000000,,,
1717494507.547647,,,,,0.818555534
1717494507.549999,0.422957033,,,,
1717494507.550017,,,6.478233814,,
1717494507.563600,,,,0.000000000,
1717494507.575612,,0.000000000,,,
1717494507.582917,0.422992229,,,,
1717494507.582936,,,5.795355320,,
1717494507.586599,,,,,0.818555534
1717494507.600651,,,,0.000000000,
1717494507.610653,,0.000000000,,,
1717494507.616549,0.423105001,,,,
1717494507.616592,,,4.911173344,,
1717494507.621582,,,,,0.818555534
1717494507.630598,,,,0.000000000,
1717494507.640711,,0.000000000,,,
1717494507.650093,0.423189938,,,,
1717494507.650129,,,3.956701517,,
1717494507.650583,,,,,0.818555534
1717494507.669601,,,,0.000000000,
1717494507.679607,,0.000000000,,,
1717494507.682449,0.423247099,,,,
1717494507.682497,,,2.848123312,,
1717494507.693587,,,,,0.818555534
1717494507.703674,,,,0.000000000,
1717494507.713648,,0.000000000,,,
1717494507.716356,0.423302054,,,,
1717494507.716397,,,1.664656401,,
1717494507.729618,,,,,0.818555534
1717494507.739645,,,,0.000000000,
1717494507.749700,,0.000000000,,,
1717494507.750464,0.423433602,,,,
1717494507.750481,,,0.407194316,,
1717494507.763681,,,,,0.818555534
1717494507.773672,,,,0.000000000,
1717494507.783472,0.423590809,,,,
1717494507.783501,,,-0.833912671,,
1717494507.784594,,0.000000000,,,
1717494507.800648,,,,,0.818555534
1717494507.810655,,,,0.000000000,
1717494507.815069,0.423779130,,,,
1717494507.815086,,,-2.069378376,,
1717494507.822685,,0.000000000,,,
1717494507.832608,,,,,0.818555534
1717494507.844737,,,,0.000000000,
1717494507.848762,0.423921585,,,,
1717494507.848782,,,-3.259808779,,
1717494507.854643,,0.000000000,,,
1717494507.864712,,,,,0.818555534
1717494507.874682,,,,0.000000000,
1717494507.883891,0.424054712,,,,
1717494507.883952,,,-4.340708256,,
1717494507.884592,,0.000000000,,,
1717494507.901711,,,,,0.818555534
1717494507.912708,,,,0.000000000,
1717494507.916089,0.424146503,,,,
1717494507.916127,,,-5.298192024,,
1717494507.928636,,0.000000000,,,
1717494507.938703,,,,,0.818555534
1717494507.950627,0.424238056,,,,
1717494507.950680,,,-6.047867775,,
1717494507.950691,,,,0.000000000,
1717494507.964748,,0.000000000,,,
1717494507.974685,,,,,0.818555534
1717494507.983663,,,,0.000000000,
1717494507.984326,0.424331039,,,,
1717494507.984343,,,-6.694971561,,
1717494507.998701,,0.000000000,,,
1717494508.008688,,,,,0.818555534
1717494508.015355,0.424424738,,,,
1717494508.015393,,,-7.129458904,,
1717494508.019618,,,,0.000000000,
1717494508.031652,,0.000000000,,,
1717494508.041742,,,,,0.818555534
1717494508.049034,0.424445778,,,,
1717494508.049074,,,-7.364634037,,
1717494508.053632,,,,0.000000000,
1717494508.064711,,0.000000000,,,
1717494508.075681,,,,,0.818555534
1717494508.082530,0.424427867,,,,
1717494508.082564,,,-7.388584137,,
1717494508.086643,,,,0.000000000,
1717494508.100686,,0.000000000,,,
1717494508.110692,,,,,0.818555534
1717494508.115826,0.424373657,,,,
1717494508.115860,,,-7.240529537,,
1717494508.120674,,,,0.000000000,
1717494508.135725,,0.000000000,,,
1717494508.145727,,,,,0.818555534
1717494508.149111,0.424324393,,,,
1717494508.149132,,,-6.870180607,,
1717494508.162661,,,,0.000000000,
1717494508.173723,,0.000000000,,,
1717494508.182357,0.424231261,,,,
1717494508.182387,,,-6.303643227,,
1717494508.183643,,,,,0.818555534
